{"acc": 0.8876720422102831, "loss": 0.15579151270161407, "_timestamp": 1694250845.758367, "_runtime": 1.1753530502319336, "_step": 7, "_wandb": {"runtime": 0}}